"First Name","Last Name"
"Amanda","Anderson"
"Hailey","Richards"
"Martin","Scott"
"Clark","Harper"
"Kelsey","Harrison"
"Samantha","West"
"Oscar","Dixon"
"Sophia","Anderson"
"Rubie","Brooks"
"Evelyn","Scott"
"Alisa","Taylor"
"Alen","Armstrong"
"Charlie","Hill"
"Mary","Nelson"
"Kellan","Stevens"
"Aida","Scott"
"Spike","Richardson"
"Caroline","Parker"
"Adelaide","Armstrong"
"Dale","Mitchell"
"Ryan","Brooks"
"Julian","Clark"
"Melissa","Robinson"
"Cherry","Perry"
"Emily","Miller"
"Oliver","Taylor"
"Sydney","Sullivan"
"Arianna","Bailey"
"Lilianna","Allen"
"Tess","Baker"
"Edgar","Kelley"
"Arthur","Taylor"
"Amber","Walker"
"Alfred","Evans"
"Sarah","Ferguson"
"Dominik","Spencer"
"Oscar","Phillips"
"Miley","Ellis"
"Kristian","Cameron"
"Grace","Phillips"
"Brianna","Kelley"
"Tess","Cole"
"Miller","Kelley"
"Lenny","Hawkins"
"Tess","Walker"
"Tess","Cameron"
"Heather","Cooper"
"Rosie","Armstrong"
"Richard","Carter"
"Jasmine","Gibson"
"Kelvin","Howard"
"Amy","Stevens"
"Miller","Warren"
"Lucy","Scott"
"Arnold","Russell"
"Victor","West"
"Derek","Stewart"
"Kelvin","Spencer"
"Savana","Thompson"
"Evelyn","Thompson"
"Catherine","Campbell"
"Marcus","Roberts"
"John","Murphy"
"Kimberly","Casey"
"Vivian","Brown"
"Alberta","Richards"
"Chester","Bennett"
"Cadie","Johnson"
"Adele","Clark"
"Roman","Montgomery"
"Maximilian","Hamilton"
"Ellia","Davis"
"Steven","Spencer"
"Valeria","Turner"
"James","Alexander"
"Tyler","Hamilton"
"Patrick","Henderson"
"Brooke","Rogers"
"Melissa","Harrison"
"Steven","Sullivan"
"Dexter","Mitchell"
"Charlotte","Sullivan"
"Ashton","Johnson"
"Adam","Warren"
"Sabrina","Andrews"
"Nicholas","Craig"
"Owen","Crawford"
"Lucas","Johnston"
"Hailey","Roberts"
"Cherry","Grant"
"Max","Adams"
"Melanie","Hawkins"
"Belinda","Bennett"
"Eric","Phillips"
"Arnold","Morrison"
"Chelsea","Cameron"
"Sabrina","Hamilton"
"Connie","Douglas"
"Edward","Spencer"
"Sienna","Holmes"
"Alfred","West"
"Alberta","Tucker"
"Nicole","Montgomery"
"James","Chapman"
"Eddy","Stevens"
"Arnold","Montgomery"
"Sophia","Gibson"
"Aida","Hawkins"
"Amelia","Nelson"
"George","Hall"
"Aldus","Carter"
"Sam","Murray"
"Adison","Sullivan"
"Chloe","Cunningham"
"Paul","Reed"
"David","Adams"
"Roland","Allen"
"Carl","Davis"
"Henry","Spencer"
"Isabella","Smith"
"Jenna","Walker"
"Amber","Morris"
"Joyce","Ross"
"Justin","Rogers"
"Samantha","Morris"
"Heather","Hall"
"Nicholas","Chapman"
"Grace","Riley"
"Aston","Jones"
"Jordan","Alexander"
"Joyce","Wright"
"Blake","Holmes"
"Preston","Barnes"
"Nicholas","Fowler"
"Sawyer","Wright"
"Michelle","Morris"
"Nicholas","Stewart"
"Andrew","Hamilton"
"Richard","Myers"
"Abraham","Hill"
"Jordan","Cole"
"Melanie","Evans"
"Albert","Kelly"
"Martin","Armstrong"
"Amy","Cunningham"
"Tyler","Elliott"
"Tiana","Johnston"
"Robert","Tucker"
"Caroline","Crawford"
"Tony","Johnston"
"Bruce","Wilson"
"Luke","Cameron"
"Joyce","Richardson"
"Agata","Andrews"
"Arnold","Hill"
"Max","Wells"
"Haris","Ross"
"Joyce","Warren"
"Lucy","West"
"Garry","Armstrong"
"Alexia","Williams"
"Adelaide","Johnson"
"James","Johnston"
"Alfred","Kelley"
"Cadie","Davis"
"Clark","Armstrong"
"Oscar","Morgan"
"Carlos","Henderson"
"Tess","Bailey"
"Sofia","Lloyd"
"Ryan","Smith"
"Charlotte","Cameron"
"Albert","Spencer"
"Evelyn","Carroll"
"Derek","Hawkins"
"Arthur","Evans"
"Michelle","Payne"
"Lily","Stewart"
"Emily","West"
"Jordan","Hall"
"Sarah","Ross"
"Derek","Wells"
"Savana","Perkins"
"Amelia","Thomas"
"Cadie","Owens"
"Florrie","Martin"
"Dominik","Johnston"
"Alan","Morgan"
"Arnold","Scott"
"Frederick","Ferguson"
"Mike","Edwards"
"Miller","Fowler"
"Alexander","Foster"
"Carina","Kelley"
"Gianna","Phillips"
"Ned","Casey"
"Alen","Farrell"
"Abraham","Morrison"
"Carlos","Casey"
"Alfred","Howard"
